{
  "COCO YOLOv8m (no FT)": {
    "conf_0.001": {
      "0": {
        "AP": 0.835476289625073,
        "P": 0.059748427672955975,
        "R": 0.926829268292683,
        "TP": 38,
        "FP": 598,
        "FN": 3
      },
      "1": {
        "AP": 0.8728216755252558,
        "P": 0.06028368794326241,
        "R": 1.0,
        "TP": 51,
        "FP": 795,
        "FN": 0
      }
    },
    "conf_0.5": {
      "0": {
        "AP": 0.5110864745011087,
        "P": 0.9545454545454546,
        "R": 0.5121951219512195,
        "TP": 21,
        "FP": 1,
        "FN": 20
      },
      "1": {
        "AP": 0.5673202614379085,
        "P": 0.9666666666666667,
        "R": 0.5686274509803921,
        "TP": 29,
        "FP": 1,
        "FN": 22
      }
    }
  },
  "Plain FT (random split)": {
    "conf_0.001": {
      "0": {
        "AP": 0.9983370288248337,
        "P": 0.6949152542372882,
        "R": 1.0,
        "TP": 41,
        "FP": 18,
        "FN": 0
      },
      "1": {
        "AP": 0.8798293032628071,
        "P": 0.7377049180327869,
        "R": 0.8823529411764706,
        "TP": 45,
        "FP": 16,
        "FN": 6
      }
    },
    "conf_0.5": {
      "0": {
        "AP": 0.975609756097561,
        "P": 0.975609756097561,
        "R": 0.975609756097561,
        "TP": 40,
        "FP": 1,
        "FN": 1
      },
      "1": {
        "AP": 0.6470588235294118,
        "P": 1.0,
        "R": 0.6470588235294118,
        "TP": 33,
        "FP": 0,
        "FN": 18
      }
    }
  },
  "Plain FT + Scenario split": {
    "conf_0.001": {
      "0": {
        "AP": 1.0,
        "P": 0.5694444444444444,
        "R": 1.0,
        "TP": 41,
        "FP": 31,
        "FN": 0
      },
      "1": {
        "AP": 0.9394871794871795,
        "P": 0.5697674418604651,
        "R": 0.9607843137254902,
        "TP": 49,
        "FP": 37,
        "FN": 2
      }
    },
    "conf_0.5": {
      "0": {
        "AP": 1.0,
        "P": 1.0,
        "R": 1.0,
        "TP": 41,
        "FP": 0,
        "FN": 0
      },
      "1": {
        "AP": 0.7796169630642955,
        "P": 0.9302325581395349,
        "R": 0.7843137254901961,
        "TP": 40,
        "FP": 3,
        "FN": 11
      }
    }
  },
  "SGLDet (Full FT + random split)": {
    "conf_0.001": {
      "0": {
        "AP": 0.975609756097561,
        "P": 0.3252032520325203,
        "R": 0.975609756097561,
        "TP": 40,
        "FP": 83,
        "FN": 1
      },
      "1": {
        "AP": 0.23076923076923078,
        "P": 0.75,
        "R": 0.23529411764705882,
        "TP": 12,
        "FP": 4,
        "FN": 39
      }
    },
    "conf_0.5": {
      "0": {
        "AP": 0.975609756097561,
        "P": 0.975609756097561,
        "R": 0.975609756097561,
        "TP": 40,
        "FP": 1,
        "FN": 1
      },
      "1": {
        "AP": 0.09803921568627451,
        "P": 1.0,
        "R": 0.09803921568627451,
        "TP": 5,
        "FP": 0,
        "FN": 46
      }
    }
  },
  "Ours: SGLDet + Freeze + Scn": {
    "conf_0.001": {
      "0": {
        "AP": 0.9833020637898686,
        "P": 0.29285714285714287,
        "R": 1.0,
        "TP": 41,
        "FP": 99,
        "FN": 0
      },
      "1": {
        "AP": 0.8387122965128081,
        "P": 0.6935483870967742,
        "R": 0.8431372549019608,
        "TP": 43,
        "FP": 19,
        "FN": 8
      }
    },
    "conf_0.5": {
      "0": {
        "AP": 0.975609756097561,
        "P": 0.9302325581395349,
        "R": 0.975609756097561,
        "TP": 40,
        "FP": 3,
        "FN": 1
      },
      "1": {
        "AP": 0.5882352941176471,
        "P": 1.0,
        "R": 0.5882352941176471,
        "TP": 30,
        "FP": 0,
        "FN": 21
      }
    }
  }
}